Amino Acid,Group,δiso,δ11,δ22,δ33
Glycine (Gly),CO,177,246,179,106
Glycine (Gly),C⍺,44,61,46,24
Alanine (Ala),CO,176,239,184,106
Alanine (Ala),C⍺,50,63,56,30
Alanine (Ala),Cβ,19,31,19,7
Asparatic acid (Asp),CO,176,247,176,105
Asparatic acid (Asp),C⍺,54,68,56,38
Asparatic acid (Asp),Cβ,38,55,38,20
Asparatic acid (Asp),Cγ,175,245,170,104
Serine (Ser),CO,175,238,175,113
Serine (Ser),C⍺,56,69,59,39
Serine (Ser),Cβ,63,87,66,35
Isoleucine (Ile),CO,176,244,176,108
Isoleucine (Ile),C⍺,61,72,62,50
Isoleucine (Ile),Cβ,37,52,35,23
Isoleucine (Ile),Cγ,26,39,26,13
Isoleucine (Ile),Cδ,16,28,19,2
Isoleucine (Ile),Cε,13,21,15,2
Leucine (Leu),CO,176,243,177,109
Leucine (Leu),C⍺,53,80,40,40
Leucine (Leu),Cβ,43,67,42,20
Leucine (Leu),Cγ,24.9,0,0,0
Leucine (Leu),Cδ,25,35,35,5
Leucine (Leu),Cε,21.6,0,0,0
Valine (Val),CO,176,244,176,108
Valine (Val),C⍺,62,72,62,51
Valine (Val),Cβ,31,42,29,21
Valine (Val),Cγ,22,34,25,6
Valine (Val),Cδ,19,30,25,3
Histidine (His),CO,173,235,168,116
Histidine (His),C⍺,55,70,57,37
Histidine (His),Cβ,27,38,26,16
Histidine (His),C2,136,190,164,54
Histidine (His),C4,119,179,126,52
Histidine (His),C6,128,203,128,54
Threonine (Thr),CO,171,247,167,100
Threonine (Thr),C⍺,61,72,63,48
Threonine (Thr),Cβ,67,89,72,40
Threonine (Thr),Cγ,20,31,26,4
Asparagine (Asn),CO,176,243,180,106
Asparagine (Asn),C⍺,51,69,53.3,31.3
Asparagine (Asn),Cβ,35,50,41,14
Asparagine (Asn),Cγ,176,246,197,84
Glutamine (Gln),CO,174,244,172,105
Glutamine (Gln),C⍺,54,70,59,33
Glutamine (Gln),Cβ,26,36,36,7
Glutamine (Gln),Cγ,29,46,34,8
Glutamine (Gln),Cδ,177,247,197,88
Glutamic acid (Glu),CO,178,237,195,103
Glutamic acid (Glu),C⍺,55,71,56,38
Glutamic acid (Glu),Cβ,25,36,36,4
Glutamic acid (Glu),Cγ,28,41,31,11
Glutamic acid (Glu),Cδ,180,254,180,106
Lysine (Lys),CO,177,243,182,106
Lysine (Lys),CO,176.2,243,180,107
Lysine (Lys),C⍺,55,73,55,36
Lysine (Lys),Cβ,35.6,58,35,14
Lysine (Lys),Cγ,25.8,47,31,-1
Lysine (Lys),Cδ,29,48,33,6
Lysine (Lys),Cε,41.7,67,50,10
Arginine (Arg),CO,178,247,181,106
Arginine (Arg),CO,176,239,179,110
Arginine (Arg),C⍺,56.2,76,60,33
Arginine (Arg),Cβ,28.7,48,32,6
Arginine (Arg),Cγ,25.7,44,33,0
Arginine (Arg),Cδ,43.1,72,45,13
Arginine (Arg),Cε,157,222,182,68
Cysteine (Cys),CO,175.1,241,175,109
Cysteine (Cys),C⍺,53.7,66,58,37
Cysteine (Cys),Cβ,35,47,38,22
Methionine (Met),CO,177.1,244,180,107
Methionine (Met),C⍺,55.7,68,55,44
Methionine (Met),C⍺,52.3,66,53,39
Methionine (Met),Cβ,32.5,46,33,19
Methionine (Met),Cγ,31.4,42,32,20
Methionine (Met),Cδ,17.8,28,19,6
Methionine (Met),Cδ,15.8,29,16,3
Phenylalanine (Phe),CO,175.9,242,176,110
Phenylalanine (Phe),C⍺,56.8,76,58,40
Phenylalanine (Phe),Cβ,38,64,44,9
Phenylalanine (Phe),C1,136.6,243,163,4
Phenylalanine (Phe),C2,131.7,192,192,10
Phenylalanine (Phe),C3,130.7,180,180,32
Phenylalanine (Phe),C5,129.2,182,182,23
Phenylalanine (Phe),C6,127.3,183,179,22
Phenylalanine (Phe),C4,126.8,191,152,36
Tyrosine (Tyr),CO,175.8,238,184,106
Tyrosine (Tyr),C⍺,56.7,67,56,48
Tyrosine (Tyr),Cβ,37,51,38,21
Tyrosine (Tyr),C1,123.9,222,137,13
Tyrosine (Tyr),C2,131,212,144,38
Tyrosine (Tyr),C6,118.3,179,145,31
Tyrosine (Tyr),"C3,5",116.8,180,143,27
Tyrosine (Tyr),C4,155.8,245,156,66
Tryptophan (Trp),CO,177.4,239,177,116
Tryptophan (Trp),CO,175.9,232,185,111
Tryptophan (Trp),C⍺,56.5,79,57,35
Tryptophan (Trp),C⍺,53.7,74,48,40
Tryptophan (Trp),Cβ,29.3,47,29,11
Tryptophan (Trp),C1,127,214,127,40
Tryptophan (Trp),C2,137,192,180,39
Tryptophan (Trp),C3,112,197,123,16
Tryptophan (Trp),C4,120,197,156,8
Tryptophan (Trp),C5,121,209,138,16
Tryptophan (Trp),C6,117,186,148,19
Tryptophan (Trp),C7,127,190,190,3
Tryptophan (Trp),C8,109.9,191,111,28
Proline (Pro),CO,177.4,245,180,107
Proline (Pro),C⍺,61,79,64,42
Proline (Pro),Cβ,30.2,49,31,11
Proline (Pro),Cγ,26,44,23,11
Proline (Pro),Cδ,48.5,83,41,23